timestamp,Open,High,Low,Close,Volume,SMA_50,SMA_200,ATR,RSI,Regime
2025-10-20 09:00:00,1.16637,1.16678,1.16444,1.16535,33410.0,,,,,NORMAL
2025-10-20 13:00:00,1.16536,1.16646,1.16464,1.16496,33253.0,,,,,NORMAL
2025-10-20 17:00:00,1.16493,1.1653,1.16382,1.16413,14954.0,,,,,NORMAL
2025-10-20 21:00:00,1.16426,1.16553,1.16416,1.16532,7834.0,,,,,NORMAL
2025-10-21 01:00:00,1.16531,1.16531,1.16319,1.1636,17045.0,,,,,NORMAL
2025-10-21 05:00:00,1.16362,1.16378,1.16127,1.16212,35536.0,,,,,NORMAL
2025-10-21 09:00:00,1.16213,1.16273,1.16019,1.16112,39243.0,,,,,NORMAL
2025-10-21 13:00:00,1.16111,1.16248,1.15977,1.1609,51392.0,,,,,NORMAL
2025-10-21 17:00:00,1.1609,1.16102,1.15991,1.16,16834.0,,,,,NORMAL
2025-10-21 21:00:00,1.15998,1.1608,1.1599,1.16047,9329.0,,,,,NORMAL
2025-10-22 01:00:00,1.16048,1.1611,1.16014,1.16092,12426.0,,,,,NORMAL
2025-10-22 05:00:00,1.16092,1.16158,1.15898,1.15976,33356.0,,,,,NORMAL
2025-10-22 09:00:00,1.15976,1.16021,1.1577,1.1583,29256.0,,,,,NORMAL
2025-10-22 13:00:00,1.15831,1.16226,1.1582,1.16195,42666.0,,,0.002076428571428598,38.60589812332386,NORMAL
2025-10-22 17:00:00,1.16196,1.16207,1.16048,1.161,18292.0,,,0.0020228571428571674,36.29489603024518,NORMAL
2025-10-22 21:00:00,1.16124,1.16146,1.15976,1.16042,7695.0,,,0.00201428571428573,35.86550435865466,NORMAL
2025-10-23 01:00:00,1.16042,1.16056,1.15906,1.15988,12015.0,,,0.002015714285714311,36.52504755865507,NORMAL
2025-10-23 05:00:00,1.15987,1.16062,1.15907,1.15963,22595.0,,,0.0020264285714286035,30.81591368846928,NORMAL
2025-10-23 09:00:00,1.15964,1.1606,1.15854,1.16006,22756.0,,,0.0020214285714286184,36.927621861152694,NORMAL
2025-10-23 13:00:00,1.16008,1.162,1.15982,1.1607,33612.0,,,0.0019978571428571784,44.40944881889779,NORMAL
2025-10-23 17:00:00,1.16068,1.16202,1.16043,1.16181,12727.0,,,0.0019300000000000348,52.69320843091366,NORMAL
2025-10-23 21:00:00,1.16168,1.16217,1.1615,1.1618,6768.0,,,0.0017842857142857463,53.57142857142813,NORMAL
2025-10-24 01:00:00,1.1618,1.16188,1.16056,1.16076,9340.0,,,0.0017992857142857493,52.982731554160495,NORMAL
2025-10-24 05:00:00,1.16075,1.16281,1.16009,1.16104,27512.0,,,0.0019292857142857286,52.27091633466206,NORMAL
2025-10-24 09:00:00,1.16104,1.16503,1.16052,1.16343,36476.0,,,0.002182857142857153,58.661145617667465,NORMAL
2025-10-24 13:00:00,1.16344,1.16434,1.16182,1.16257,43265.0,,,0.002177142857142846,59.90133897110733,NORMAL
2025-10-24 17:00:00,1.16255,1.1636,1.16208,1.16254,17252.0,,,0.002106428571428557,66.614420062695,NORMAL
2025-10-26 21:00:00,1.16358,1.16376,1.16258,1.1635,11203.0,,,0.0019035714285714014,57.69612711022792,NORMAL
2025-10-27 01:00:00,1.1635,1.16479,1.16209,1.16246,11664.0,,,0.0019828571428571118,57.1850393700787,NORMAL
2025-10-27 05:00:00,1.16246,1.16334,1.16178,1.16281,22042.0,,,0.0019728571428571096,62.03423967774368,NORMAL
2025-10-27 09:00:00,1.16281,1.16517,1.16261,1.16414,25923.0,,,0.0020485714285713996,69.86940298507419,NORMAL
2025-10-27 13:00:00,1.16414,1.1643,1.16316,1.16387,28475.0,,,0.002019285714285684,69.73929236499085,NORMAL
2025-10-27 17:00:00,1.16388,1.1652,1.16351,1.1645,14702.0,,,0.001992857142857098,70.292504570384,NORMAL
2025-10-27 21:00:00,1.16456,1.16588,1.16448,1.16558,8919.0,,,0.0019371428571428278,71.44112478031643,NORMAL
2025-10-28 01:00:00,1.16557,1.16676,1.16539,1.16664,13625.0,,,0.00192142857142855,71.31509267431579,NORMAL
2025-10-28 05:00:00,1.16663,1.16681,1.16487,1.16521,23326.0,,,0.0020121428571428274,63.37254901960879,NORMAL
2025-10-28 09:00:00,1.1652,1.1665,1.16349,1.16402,25752.0,,,0.002132857142857127,62.63565891472914,NORMAL
2025-10-28 13:00:00,1.16402,1.1668,1.16256,1.16678,37706.0,,,0.0022414285714285687,68.66059817945397,NORMAL
2025-10-28 17:00:00,1.16678,1.16688,1.16511,1.16522,16779.0,,,0.0020457142857142696,56.15120274914091,NORMAL
2025-10-28 21:00:00,1.1651,1.1661,1.16486,1.16546,12231.0,,,0.0019542857142857023,60.37329504666147,NORMAL
2025-10-29 01:00:00,1.16545,1.16561,1.16315,1.16341,13762.0,,,0.0020214285714285707,52.727272727273295,NORMAL
2025-10-29 05:00:00,1.16342,1.1638,1.16232,1.16233,23443.0,,,0.002039999999999994,46.359676415681584,NORMAL
2025-10-29 09:00:00,1.16232,1.16488,1.16188,1.1634,26494.0,,,0.0020614285714285635,52.91925465838503,NORMAL
2025-10-29 13:00:00,1.1634,1.16659,1.16316,1.16572,33075.0,,,0.0021949999999999947,58.05201992252423,NORMAL
2025-10-29 17:00:00,1.16571,1.1659,1.15776,1.16006,70057.0,,,0.0025935714285714173,40.89285714285727,NORMAL
2025-10-29 21:00:00,1.1601,1.16156,1.1597,1.1612,8540.0,,,0.0026449999999999924,44.26299957026211,NORMAL
2025-10-30 01:00:00,1.16122,1.16374,1.1607,1.1632,24937.0,,,0.0027414285714285613,47.362012987012754,NORMAL
2025-10-30 05:00:00,1.16321,1.16342,1.16065,1.16172,29749.0,,,0.002839285714285695,42.292332268370444,NORMAL
2025-10-30 09:00:00,1.16172,1.16284,1.15532,1.15551,33307.0,,,0.0032785714285714163,31.56674395495189,NORMAL
2025-10-30 13:00:00,1.15552,1.15864,1.1547,1.15694,44897.0,1.1623644,,0.003421428571428559,36.30341172573687,NORMAL
2025-10-30 17:00:00,1.15692,1.15724,1.15604,1.15653,15612.0,1.162188,,0.0032921428571428385,37.26623597415833,NORMAL
2025-10-30 21:00:00,1.15673,1.15772,1.15647,1.15738,7887.0,1.1620364,,0.0030785714285714067,32.90909090909109,NORMAL
2025-10-31 01:00:00,1.15738,1.15776,1.1565,1.15721,11814.0,1.161898,,0.0030421428571428344,34.66104940635792,NORMAL
2025-10-31 05:00:00,1.15722,1.15734,1.1555,1.15708,19741.0,1.1617332,,0.0030849999999999884,33.884615384615586,NORMAL
2025-10-31 09:00:00,1.15708,1.15769,1.15534,1.1556,23864.0,1.1615732,,0.0030771428571428417,34.644121116791055,NORMAL
2025-10-31 13:00:00,1.15558,1.15564,1.15219,1.15302,43699.0,1.1613912,,0.0032178571428571295,32.71444485703657,NORMAL
2025-10-31 17:00:00,1.15303,1.15397,1.15216,1.15363,15520.0,1.1612414,,0.0031328571428571278,31.54514544767666,NORMAL
2025-11-02 22:00:00,1.15317,1.15388,1.15216,1.15271,15965.0,1.1610776,,0.0030107142857142633,24.05265257279595,NORMAL
2025-11-03 02:00:00,1.15273,1.15377,1.15265,1.1535,12215.0,1.1609475999999999,,0.00250928571428569,33.76237623762364,NORMAL
2025-11-03 06:00:00,1.1535,1.15414,1.15096,1.15145,22643.0,1.1607672,,0.0026035714285714035,26.906679298910845,NORMAL
2025-11-03 10:00:00,1.15144,1.15224,1.15059,1.15111,24746.0,1.160571,,0.002504285714285689,18.920308483290967,NORMAL
2025-11-03 14:00:00,1.1511,1.15379,1.15052,1.15272,33910.0,1.1604302,,0.0025399999999999867,27.01736465781397,NORMAL
2025-11-03 18:00:00,1.15274,1.15311,1.15162,1.1519,13141.0,1.1603022,,0.0021092857142856864,37.27977448907655,NORMAL
2025-11-03 22:00:00,1.152,1.15211,1.14982,1.15102,10526.0,1.1600835999999999,,0.001991428571428549,28.29912023460372,NORMAL
2025-11-04 02:00:00,1.15101,1.15178,1.15051,1.15126,11674.0,1.1598888,,0.0019964285714285496,30.438010393466712,NORMAL
2025-11-04 06:00:00,1.15128,1.15337,1.15,1.15011,27100.0,1.1596826,,0.0021478571428571297,23.602033405954685,NORMAL
2025-11-04 10:00:00,1.1501,1.151,1.14768,1.14922,25611.0,1.1594693999999999,,0.0022949999999999993,22.429261559695988,NORMAL
2025-11-04 14:00:00,1.14921,1.14966,1.14732,1.1484,29827.0,1.1592448,,0.002330714285714281,21.40974967061912,NORMAL
2025-11-04 18:00:00,1.14838,1.14872,1.14752,1.14826,13382.0,1.1590088,,0.0022485714285714093,23.482658959537645,NORMAL
2025-11-04 22:00:00,1.14834,1.14981,1.14797,1.14894,12414.0,1.1587736,,0.0021335714285714174,32.914572864321954,NORMAL
2025-11-05 02:00:00,1.14895,1.14944,1.1485,1.14918,11271.0,1.158521,,0.002071428571428565,30.7692307692312,NORMAL
2025-11-05 06:00:00,1.1492,1.14954,1.14814,1.14846,19423.0,1.1582542,,0.0020485714285714313,31.310466138962582,NORMAL
2025-11-05 10:00:00,1.14846,1.14936,1.14729,1.14736,22518.0,1.1579862,,0.0021164285714285747,23.71575342465718,NORMAL
2025-11-05 14:00:00,1.14736,1.14932,1.14686,1.14805,38827.0,1.1577264,,0.0020649999999999996,33.52713178294556,NORMAL
2025-11-05 18:00:00,1.14804,1.14942,1.14788,1.14925,11100.0,1.1574427999999999,,0.0020571428571428685,41.68157423971403,NORMAL
2025-11-05 22:00:00,1.14913,1.1509,1.14907,1.15075,8963.0,1.1572064,,0.001954285714285718,41.102077687443526,NORMAL
2025-11-06 02:00:00,1.15074,1.1511,1.15032,1.15102,8462.0,1.156976,,0.001903571428571433,45.81749049429665,NORMAL
2025-11-06 06:00:00,1.151,1.1524,1.15054,1.15136,20894.0,1.1567332000000001,,0.001872857142857168,51.70340681362727,NORMAL
2025-11-06 10:00:00,1.15136,1.15441,1.15102,1.15356,24341.0,1.1565552,,0.0020242857142857324,59.63149078726949,NORMAL
2025-11-06 14:00:00,1.15356,1.15429,1.1519,1.15408,38428.0,1.1563805999999999,,0.001954285714285734,67.55083996463296,NORMAL
2025-11-06 18:00:00,1.15408,1.15523,1.15392,1.15471,15013.0,1.156192,,0.0018107142857143005,74.841628959276,NORMAL
2025-11-06 22:00:00,1.1545,1.15515,1.15362,1.1538,16124.0,1.1559906,,0.0017528571428571432,74.23698384200978,NORMAL
2025-11-07 02:00:00,1.1538,1.1543,1.15324,1.15341,10374.0,1.1557688,,0.001742857142857157,72.60755048287965,NORMAL
2025-11-07 06:00:00,1.15344,1.15424,1.15296,1.15382,17754.0,1.1555336,,0.0017028571428571487,71.9424460431654,NORMAL
2025-11-07 10:00:00,1.15382,1.15698,1.15375,1.15676,24863.0,1.155336,,0.0018664285714285705,77.42402315484787,NORMAL
2025-11-07 14:00:00,1.15676,1.15911,1.15656,1.15804,29882.0,1.1551926000000001,,0.0019485714285714265,83.31015299026436,NORMAL
2025-11-07 18:00:00,1.15805,1.15836,1.15554,1.15664,13543.0,1.155045,,0.0020021428571428573,81.60762942779319,NORMAL
2025-11-09 22:00:00,1.15578,1.15605,1.15416,1.15582,16620.0,1.1548258,,0.002003571428571422,76.23227548953508,NORMAL
2025-11-10 02:00:00,1.15582,1.15666,1.15512,1.1562,11443.0,1.1546454,,0.002003571428571422,74.83917083631218,NORMAL
2025-11-10 06:00:00,1.1562,1.15831,1.15515,1.15683,22375.0,1.1544728,,0.0020985714285714258,73.17073170731815,NORMAL
2025-11-10 10:00:00,1.15682,1.15781,1.15541,1.1568,21108.0,1.1543406,,0.002214285714285708,72.437888198759,NORMAL
2025-11-10 14:00:00,1.1568,1.15685,1.15412,1.15606,28306.0,1.1542152,,0.0022764285714285443,67.69578313253133,NORMAL
2025-11-10 18:00:00,1.15607,1.15649,1.15552,1.15571,10261.0,1.1540614,,0.002103571428571395,59.405074365705026,NORMAL
2025-11-10 22:00:00,1.15564,1.15605,1.15472,1.15548,9958.0,1.1538566000000001,,0.002027857142857105,56.28366247755894,NORMAL
2025-11-11 02:00:00,1.15548,1.15652,1.15519,1.15616,10111.0,1.1537785999999999,,0.0020292857142856858,56.47899910634596,NORMAL
2025-11-11 06:00:00,1.15616,1.15684,1.15496,1.15649,22036.0,1.1536844000000002,,0.002054285714285707,62.67672007540146,NORMAL
2025-11-11 10:00:00,1.15648,1.16059,1.15627,1.1601,26112.0,1.1536224,,0.0022871428571428526,74.1865509761391,NORMAL
2025-11-11 14:00:00,1.16012,1.16054,1.15906,1.1595,25707.0,1.153578,,0.0023014285714285654,70.25677603423723,NORMAL
2025-11-11 18:00:00,1.15949,1.15956,1.15812,1.15825,11623.0,1.1536328,,0.0021735714285714253,56.04217356042194,NORMAL
2025-11-11 22:00:00,1.1587,1.15872,1.15746,1.15756,8996.0,1.1536452,,0.0020814285714285674,47.95570698466759,NORMAL
2025-11-12 02:00:00,1.15755,1.15816,1.15701,1.15762,9925.0,1.153667,,0.001962142857142849,54.711538461539554,NORMAL
2025-11-12 06:00:00,1.15763,1.15885,1.15684,1.15702,20032.0,1.1536598,,0.0019285714285714223,55.89390962671836,NORMAL
2025-11-12 10:00:00,1.15702,1.15803,1.15651,1.15721,23087.0,1.1536598,,0.0019271428571428415,55.055055055055746,NORMAL
2025-11-12 14:00:00,1.15722,1.15977,1.1563,1.15931,28198.0,1.1537044,,0.001949285714285685,60.820244328097665,NORMAL
2025-11-12 18:00:00,1.15932,1.15944,1.1584,1.15932,10567.0,1.1537788,,0.001852142857142826,61.01398601398526,NORMAL
2025-11-12 22:00:00,1.1593,1.15942,1.1579,1.15894,12503.0,1.1538972,,0.0017657142857142594,62.996389891696744,NORMAL
2025-11-13 02:00:00,1.15894,1.1593,1.15804,1.15818,8413.0,1.1539882,,0.0017864285714285538,60.748476936466375,NORMAL
2025-11-13 06:00:00,1.15818,1.16349,1.15812,1.16166,26149.0,1.1541672,,0.0020749999999999697,70.96336499321527,NORMAL
2025-11-13 10:00:00,1.16166,1.1625,1.16047,1.16206,25707.0,1.1543384,,0.00212499999999998,70.40110650069143,NORMAL
2025-11-13 14:00:00,1.16206,1.16562,1.1617,1.16512,35723.0,1.1546118,,0.0022707142857142687,75.10180337405438,NORMAL
2025-11-13 18:00:00,1.16513,1.16519,1.16308,1.16345,16093.0,1.1548586,,0.0021128571428571225,60.98360655737767,NORMAL
2025-11-13 22:00:00,1.16372,1.16393,1.16234,1.16334,13468.0,1.1550710000000002,,0.0021207142857142696,63.00813008130094,NORMAL
2025-11-14 02:00:00,1.16332,1.16483,1.16298,1.16478,13285.0,1.1553286,,0.0021500000000000013,71.83946488294286,NORMAL
2025-11-14 06:00:00,1.16478,1.16486,1.16204,1.16216,31999.0,1.1555514,,0.002261428571428573,63.62559241706226,NORMAL
2025-11-14 10:00:00,1.16216,1.16538,1.16089,1.16378,34305.0,1.1558017999999999,,0.00250000000000001,66.70281995661628,NORMAL
2025-11-14 14:00:00,1.16376,1.16384,1.1606,1.16141,36222.0,1.1560278000000002,,0.002587857142857158,60.86095992083188,NORMAL
2025-11-14 18:00:00,1.16142,1.16236,1.16098,1.1622,13908.0,1.1562874,,0.002577857142857171,61.98942815953878,NORMAL
2025-11-16 22:00:00,1.16199,1.16246,1.16051,1.16066,11205.0,1.1565326,,0.002469285714285761,53.3333333333334,NORMAL
2025-11-17 02:00:00,1.16064,1.16066,1.15964,1.16004,9106.0,1.1567682,,0.002467857142857196,51.725790987536136,NORMAL
2025-11-17 06:00:00,1.16004,1.1615,1.15952,1.16014,20079.0,1.1569922000000001,,0.002500714285714332,52.915451895043496,NORMAL
2025-11-17 10:00:00,1.16015,1.16083,1.15886,1.15912,21080.0,1.157191,,0.002551428571428617,52.255278310940426,NORMAL
2025-11-17 14:00:00,1.15913,1.1602,1.1582,1.15938,25152.0,1.1574094000000001,,0.0023107142857143404,43.53007945516487,NORMAL
2025-11-17 18:00:00,1.15939,1.15955,1.15826,1.15923,13404.0,1.1576468,,0.0022578571428571842,41.85377086931433,NORMAL
2025-11-17 22:00:00,1.15923,1.15942,1.15846,1.15909,9249.0,1.1578676,,0.002046428571428592,29.13494809688534,NORMAL
2025-11-18 02:00:00,1.1591,1.16038,1.15882,1.15978,12201.0,1.1580782,,0.002007142857142874,36.37713437267968,NORMAL
2025-11-18 06:00:00,1.15978,1.16064,1.15872,1.15894,23734.0,1.158242,,0.0020307142857142984,34.50704225352101,NORMAL
2025-11-18 10:00:00,1.15893,1.16022,1.15796,1.15968,24368.0,1.1584152,,0.0020599999999999985,31.111111111111327,NORMAL
2025-11-18 14:00:00,1.15968,1.16078,1.15715,1.15756,33967.0,1.1585392,,0.0021178571428571396,32.307692307691866,NORMAL
2025-11-18 18:00:00,1.15758,1.15872,1.15752,1.15807,14129.0,1.1586294000000001,,0.0018828571428571225,25.988225399495292,NORMAL
2025-11-18 22:00:00,1.15818,1.15852,1.1576,1.15769,10862.0,1.1587015999999999,,0.0017171428571428457,31.21212121212153,NORMAL
2025-11-19 02:00:00,1.15768,1.15908,1.15725,1.1589,11729.0,1.1587854,,0.0017492857142857071,34.011627906977594,NORMAL
2025-11-19 06:00:00,1.15891,1.15975,1.15656,1.15734,24736.0,1.1588562,,0.0018378571428571292,33.94584139265032,NORMAL
2025-11-19 10:00:00,1.15734,1.1591,1.15676,1.15729,25603.0,1.1589338,,0.0019321428571428426,35.926305015353364,NORMAL
2025-11-19 14:00:00,1.15727,1.15738,1.1526,1.15332,33933.0,1.1589238,,0.0021321428571428524,25.000000000000412,NORMAL
2025-11-19 18:00:00,1.15332,1.15389,1.15178,1.15384,20898.0,1.1588654,,0.002142142857142854,29.908675799087504,NORMAL
2025-11-19 22:00:00,1.1539,1.15423,1.15224,1.15229,11392.0,1.1587504,,0.0021414285714285797,25.433125433125568,NORMAL
2025-11-20 02:00:00,1.15228,1.15237,1.15101,1.15158,13408.0,1.1586492,,0.002146428571428565,24.482988659106383,NORMAL
2025-11-20 06:00:00,1.15156,1.15278,1.15114,1.15275,24664.0,1.1585878,,0.0021949999999999947,30.2122347066166,NORMAL
2025-11-20 10:00:00,1.15276,1.15389,1.15024,1.15278,34627.0,1.1585194,,0.0023442857142857193,27.213541666666018,NORMAL
2025-11-20 14:00:00,1.15277,1.155,1.15201,1.15288,47507.0,1.1584404000000001,,0.0024207142857143,29.27496580027278,NORMAL
2025-11-20 18:00:00,1.15287,1.15407,1.15239,1.15285,16990.0,1.1583614,,0.0023792857142857266,25.44931703810144,NORMAL
2025-11-20 22:00:00,1.15275,1.15384,1.15236,1.15325,13020.0,1.1583052,,0.0022257142857142914,32.32157506152649,NORMAL
2025-11-21 02:00:00,1.15326,1.15422,1.15324,1.15352,12282.0,1.1582614,,0.0022100000000000136,30.96234309623486,NORMAL
2025-11-21 06:00:00,1.15352,1.15525,1.1525,1.15252,30299.0,1.1582021999999998,,0.0023407142857142993,29.43516308671424,NORMAL
2025-11-21 10:00:00,1.15251,1.1527,1.14966,1.15208,37383.0,1.1581206,,0.002427142857142866,21.101694915254654,NORMAL
2025-11-21 14:00:00,1.15211,1.15236,1.14912,1.15072,40679.0,1.1580052,,0.002430714285714302,21.465517241379686,NORMAL
2025-11-21 18:00:00,1.15074,1.1521,1.1502,1.1513,16139.0,1.1578292000000001,,0.002399285714285731,25.309150865623067,NORMAL
2025-11-23 22:00:00,1.15193,1.15193,1.15019,1.15106,8238.0,1.1576604000000001,,0.0021821428571428625,36.54761904761976,NORMAL
2025-11-24 02:00:00,1.15105,1.15284,1.15104,1.15226,10884.0,1.1575406,,0.002160000000000003,41.2995594713663,NORMAL
2025-11-24 06:00:00,1.15226,1.15344,1.15097,1.15298,22643.0,1.157449,,0.002194285714285704,54.18181818181727,NORMAL
2025-11-24 10:00:00,1.15298,1.15506,1.15298,1.15385,23041.0,1.1573736,,0.0022457142857142953,63.495838287752235,NORMAL
2025-11-24 14:00:00,1.15386,1.15413,1.15116,1.1518,27003.0,1.1572692,,0.002340714285714315,44.88697524219612,NORMAL
2025-11-24 18:00:00,1.1518,1.15292,1.15172,1.15216,10894.0,1.1571682,,0.0021657142857142947,46.77754677754781,NORMAL
2025-11-24 22:00:00,1.15218,1.15301,1.15188,1.15258,9684.0,1.1570336,,0.0020328571428571535,48.49094567404451,NORMAL
2025-11-25 02:00:00,1.1526,1.15303,1.15116,1.15168,11597.0,1.1568808,,0.002046428571428592,44.58834412581014,NORMAL
2025-11-25 06:00:00,1.15169,1.15368,1.15148,1.15341,23367.0,1.1567702,,0.0020978571428571673,50.65897858319578,NORMAL
2025-11-25 10:00:00,1.15339,1.15624,1.15247,1.15582,33489.0,1.1567230000000002,,0.0022971428571428704,58.05322128851513,NORMAL
2025-11-25 14:00:00,1.15582,1.15841,1.155,1.15824,41412.0,1.1566546,,0.0023442857142857193,68.21656050955391,NORMAL
2025-11-25 18:00:00,1.15826,1.15861,1.1558,1.15697,18576.0,1.1565528,,0.0023278571428571354,64.79128856624345,NORMAL
2025-11-25 22:00:00,1.15706,1.15832,1.15633,1.15772,14780.0,1.1564048,,0.002238571428571407,71.98492462311604,NORMAL
2025-11-26 02:00:00,1.15772,1.15916,1.15748,1.15909,17126.0,1.1563176,,0.0022228571428571137,73.30939557151426,NORMAL
2025-11-26 06:00:00,1.1591,1.1596,1.15656,1.1572,25700.0,1.1561948000000002,,0.002315714285714262,66.72113289760384,NORMAL
2025-11-26 10:00:00,1.1572,1.15842,1.15484,1.15525,42150.0,1.1560042,,0.0024428571428571117,57.823129251701,NORMAL
2025-11-26 14:00:00,1.15524,1.16009,1.15471,1.1593,36068.0,1.155947,,0.002650714285714268,64.0819964349381,NORMAL
2025-11-26 18:00:00,1.15931,1.15974,1.15894,1.15963,13498.0,1.155864,,0.0025592857142856845,63.19634703196362,NORMAL
2025-11-26 22:00:00,1.15935,1.16126,1.15924,1.16092,10351.0,1.1558542,,0.0024914285714285255,71.5704824976356,NORMAL
2025-11-27 02:00:00,1.16092,1.16136,1.16,1.16022,13712.0,1.1558146,,0.0025028571428571083,68.76163873370649,NORMAL
2025-11-27 06:00:00,1.16023,1.16054,1.15766,1.15776,20026.0,1.1557566,,0.0026278571428571024,61.011904761905,NORMAL
2025-11-27 10:00:00,1.15776,1.1597,1.15772,1.1595,17818.0,1.1557458,,0.0026357142857142335,66.05090311986885,NORMAL
2025-11-27 14:00:00,1.1595,1.16016,1.15904,1.15951,12800.0,1.1557332,,0.0025585714285713784,63.47173144876351,NORMAL
2025-11-27 18:00:00,1.15952,1.15972,1.15913,1.1596,4188.0,1.1557428,,0.00233142857142854,59.30118110236219,NORMAL
2025-11-27 22:00:00,1.15962,1.1602,1.15817,1.15833,10575.0,1.1557217999999998,,0.002232857142857116,50.23474178403794,NORMAL
2025-11-28 02:00:00,1.15834,1.15938,1.15816,1.15895,33548.0,1.1557161999999999,,0.0021192857142856886,55.34557235421148,NORMAL
2025-11-28 06:00:00,1.15894,1.15907,1.15666,1.15688,59716.0,1.155672,,0.0021492857142856947,47.88306451612853,NORMAL
2025-11-28 10:00:00,1.15688,1.15787,1.15553,1.15748,46946.0,1.155626,,0.0021964285714285597,45.77871001573174,NORMAL
2025-11-28 14:00:00,1.15748,1.16076,1.15712,1.16028,36276.0,1.1556528,,0.0022392857142857136,57.70770770770777,NORMAL
2025-11-28 18:00:00,1.16028,1.16046,1.15957,1.15985,12028.0,1.1556562,,0.0020471428571428663,62.45937161430123,NORMAL
2025-11-30 22:00:00,1.15938,1.1616,1.15927,1.16052,19371.0,1.1557154,,0.001829285714285708,54.04509283819635,NORMAL
2025-12-01 02:00:00,1.16052,1.16058,1.15894,1.1598,15181.0,1.1557499999999998,,0.0018892857142857045,50.54945054945057,NORMAL
2025-12-01 06:00:00,1.15978,1.16236,1.15904,1.16222,28772.0,1.1558406,,0.001982142857142853,53.91566265060266,NORMAL
2025-12-01 10:00:00,1.16224,1.16526,1.1619,1.16449,27655.0,1.1559524,,0.002124999999999996,61.75013758943311,NORMAL
2025-12-01 14:00:00,1.16448,1.16452,1.16178,1.16207,35208.0,1.156047,,0.002114999999999994,61.88637617209057,NORMAL
2025-12-01 18:00:00,1.16208,1.16236,1.16066,1.16092,13574.0,1.1561196,,0.0020950000000000057,54.04789053591786,NORMAL
2025-12-01 22:00:00,1.16104,1.16112,1.16038,1.16092,6764.0,1.1562716,,0.002067857142857145,54.02167712492848,NORMAL
2025-12-02 02:00:00,1.16092,1.16142,1.16072,1.161,7873.0,1.1564148,,0.002075714285714276,53.99543378995454,NORMAL
2025-12-02 06:00:00,1.161,1.16164,1.16024,1.16102,18925.0,1.1565894,,0.0020307142857142824,58.26674861708623,NORMAL
2025-12-02 10:00:00,1.16103,1.16196,1.15984,1.16176,22218.0,1.156793,,0.0020950000000000057,58.57230018303831,NORMAL
2025-12-02 14:00:00,1.16176,1.16233,1.15912,1.16072,35259.0,1.1569524,,0.0021521428571428724,62.50000000000018,NORMAL
2025-12-02 18:00:00,1.16072,1.1626,1.16056,1.16254,13839.0,1.1571476,,0.002130714285714303,65.25934861278617,NORMAL
2025-12-02 22:00:00,1.16242,1.16376,1.16211,1.16368,8355.0,1.1573635999999998,,0.0019885714285714346,61.3941018766758,NORMAL
2025-12-03 02:00:00,1.16369,1.16438,1.16354,1.16427,9859.0,1.157592,,0.0019849999999999985,64.65517241379268,NORMAL
2025-12-03 06:00:00,1.16428,1.16528,1.16358,1.16456,23033.0,1.1578182,,0.0019400000000000053,63.74149659863946,NORMAL
2025-12-03 10:00:00,1.16458,1.16755,1.1645,1.16664,26057.0,1.1580806,,0.0020407142857143006,71.29514321295134,NORMAL
2025-12-03 14:00:00,1.16664,1.16709,1.16546,1.16686,37438.0,1.1583674000000002,,0.001920000000000017,66.73881673881668,NORMAL
2025-12-03 18:00:00,1.16687,1.16778,1.16643,1.16714,12487.0,1.1586686,,0.0017764285714285835,61.16259477674823,NORMAL
2025-12-03 22:00:00,1.16716,1.16754,1.16589,1.16633,8787.0,1.1589808,,0.0016985714285714382,70.76023391812953,NORMAL
2025-12-04 02:00:00,1.16634,1.1664,1.16534,1.16598,12812.0,1.1592744,,0.0016528571428571543,76.7441860465119,NORMAL
2025-12-04 06:00:00,1.166,1.1682,1.16531,1.16777,24334.0,1.1596085999999999,,0.0018064285714285738,80.4444444444446,NORMAL
2025-12-04 10:00:00,1.16778,1.1681,1.1652,1.16648,28455.0,1.159893,,0.0019635714285714295,71.99036918138029,NORMAL
2025-12-04 14:00:00,1.1665,1.16771,1.16531,1.16562,30079.0,1.1601458,1.1584010999999999,0.002034999999999993,67.29323308270754,NORMAL
2025-12-04 18:00:00,1.16562,1.16599,1.1641,1.16449,14358.0,1.1603586,1.1583968,0.002018571428571425,59.970781592403675,NORMAL
2025-12-04 22:00:00,1.16464,1.16538,1.16412,1.16536,7489.0,1.1606298,1.1583988,0.0018792857142857025,67.15976331360942,NORMAL
2025-12-05 02:00:00,1.16537,1.16592,1.16466,1.16592,9655.0,1.1609049999999999,1.15840775,0.0018235714285714164,63.78466557911956,NORMAL
2025-12-05 06:00:00,1.16592,1.16718,1.16483,1.16545,22015.0,1.1611623999999998,1.1584084,0.001873571428571427,57.63589301121679,NORMAL
2025-12-05 10:00:00,1.16546,1.1657,1.16416,1.16518,22495.0,1.1614323999999998,1.1584162999999998,0.0019235714285714214,54.03726708074614,NORMAL
2025-12-05 14:00:00,1.16518,1.16602,1.1628,1.16442,36668.0,1.1616525999999998,1.1584278000000001,0.0020321428571428474,49.40374787052799,NORMAL
2025-12-05 18:00:00,1.16443,1.16486,1.16399,1.16438,11829.0,1.1618237999999999,1.1584440999999999,0.0018764285714285567,38.3505154639182,NORMAL
2025-12-07 22:00:00,1.16401,1.16532,1.16395,1.16518,13140.0,1.1619625999999998,1.1584655,0.0018578571428571175,41.82879377431976,NORMAL
2025-12-08 02:00:00,1.16518,1.16564,1.16488,1.16562,12008.0,1.1621356,1.1584936000000001,0.0018157142857142697,42.720306513410286,NORMAL
2025-12-08 06:00:00,1.16562,1.16722,1.16479,1.16488,24643.0,1.1622788,1.15851565,0.0018714285714285556,43.00867888138808,NORMAL
2025-12-08 10:00:00,1.16486,1.16576,1.16456,1.16484,24336.0,1.1623938,1.15853525,0.001881428571428542,44.33399602385736,NORMAL
2025-12-08 14:00:00,1.16484,1.16548,1.16165,1.16392,34341.0,1.1625282,1.15855605,0.0019485714285714106,29.053318824810646,NORMAL
2025-12-08 18:00:00,1.16392,1.16422,1.16344,1.1637,13063.0,1.1626972,1.15858305,0.0017971428571428463,32.881773399015486,NORMAL
2025-12-08 22:00:00,1.16352,1.16476,1.16352,1.16472,9152.0,1.1628056,1.1585969,0.0017142857142856999,44.565217391303946,NORMAL
2025-12-09 02:00:00,1.16471,1.16506,1.16438,1.1649,10214.0,1.162911,1.1586163999999999,0.0016278571428571173,52.79672578444743,NORMAL
2025-12-09 06:00:00,1.16486,1.16573,1.16337,1.16524,21066.0,1.1629974,1.1586405,0.0017064285714285374,49.11764705882436,NORMAL
2025-12-09 10:00:00,1.16524,1.16543,1.1629,1.16346,23651.0,1.1630622000000002,1.1586584,0.0017971428571428147,34.663341645885595,NORMAL
2025-12-09 14:00:00,1.16346,1.16412,1.16151,1.16242,34592.0,1.1631554,1.15867235,0.001815714285714238,32.36321303841737,NORMAL
2025-12-09 18:00:00,1.1624,1.16322,1.16169,1.16266,11310.0,1.1632186,1.15868535,0.0018149999999999636,35.28037383177622,NORMAL
2025-12-09 22:00:00,1.16275,1.16296,1.16224,1.16238,7821.0,1.163276,1.1586937499999999,0.0016364285714285387,37.37623762376295,NORMAL
2025-12-10 02:00:00,1.16237,1.1631,1.16216,1.163,9043.0,1.163344,1.1586996999999999,0.0016414285714285398,42.03233256351127,NORMAL
2025-12-10 06:00:00,1.16298,1.16578,1.16286,1.16365,21401.0,1.1634504,1.1587089499999998,0.0017521428571428371,41.01057579318479,NORMAL
2025-12-10 10:00:00,1.16364,1.16424,1.16276,1.16402,21027.0,1.1635518,1.15872525,0.0018035714285713964,40.52132701421824,NORMAL
2025-12-10 14:00:00,1.16402,1.16604,1.16338,1.16588,25877.0,1.1637317999999999,1.15874945,0.0018199999999999644,55.23012552301301,NORMAL
2025-12-10 18:00:00,1.16587,1.16998,1.1647,1.16958,55857.0,1.1639738,1.1587801999999998,0.002111428571428542,67.9273827534032,NORMAL
2025-12-10 22:00:00,1.16928,1.17074,1.16898,1.17017,12881.0,1.1641716,1.1588182,0.001963571428571398,74.24359968968086,NORMAL
2025-12-11 02:00:00,1.17018,1.17062,1.16846,1.16854,12247.0,1.1643454,1.1588482,0.002062142857142822,66.92307692307654,NORMAL
2025-12-11 06:00:00,1.16854,1.17066,1.16823,1.17022,21962.0,1.1645394,1.1588817999999999,0.0021471428571428236,68.3823529411763,NORMAL
2025-12-11 10:00:00,1.17022,1.17364,1.16989,1.17311,25253.0,1.1648056000000002,1.15893505,0.002366428571428531,73.23146576117689,NORMAL
2025-12-11 14:00:00,1.1731,1.17628,1.17303,1.17552,32418.0,1.1650716,1.1589986,0.002429999999999964,76.03850050658511,NORMAL
2025-12-11 18:00:00,1.17552,1.17594,1.17365,1.17384,14207.0,1.1652586,1.1590471,0.0024128571428571055,76.42566191446059,NORMAL
2025-12-11 22:00:00,1.17388,1.17462,1.17325,1.17349,10337.0,1.165487,1.1590952,0.0023242857142856837,79.20844327176755,NORMAL
2025-12-12 02:00:00,1.17348,1.17394,1.17312,1.17386,9841.0,1.1657458,1.159142,0.0022735714285713987,79.35010482180263,NORMAL
2025-12-12 06:00:00,1.17386,1.17434,1.1727,1.17328,20962.0,1.165993,1.1591805,0.002339285714285671,78.12177502580052,NORMAL
2025-12-12 10:00:00,1.17328,1.17352,1.17196,1.17272,18013.0,1.1662274000000001,1.1592109,0.00238357142857139,75.15527950310575,NORMAL
2025-12-12 14:00:00,1.17272,1.17482,1.17232,1.17478,28198.0,1.1665026,1.15925875,0.0023535714285713833,76.84515195369036,NORMAL
2025-12-12 18:00:00,1.17478,1.17498,1.17354,1.17401,13890.0,1.1667476,1.1593087,0.0023507142857142377,73.63937529578824,NORMAL
2025-12-14 22:00:00,1.1733,1.17425,1.17286,1.17414,9406.0,1.167016,1.1593455,0.0022599999999999604,71.28865979381466,NORMAL
2025-12-15 02:00:00,1.17414,1.17448,1.17318,1.17344,12526.0,1.167234,1.1593866,0.001975714285714255,61.76829268292709,NORMAL
2025-12-15 06:00:00,1.17343,1.17436,1.17265,1.17434,20334.0,1.1674472,1.159431,0.001972142857142835,62.477558348294785,NORMAL
2025-12-15 10:00:00,1.17434,1.17598,1.17392,1.17474,16024.0,1.1676566,1.15948765,0.0019649999999999785,70.02583979328224,NORMAL
2025-12-15 14:00:00,1.17474,1.1769,1.17441,1.17459,29700.0,1.1678572,1.15954895,0.001969285714285705,65.66308243727678,NORMAL
2025-12-15 18:00:00,1.17458,1.17541,1.17384,1.17539,10729.0,1.1680321999999999,1.1596089,0.0018135714285714302,59.61214165261388,NORMAL
2025-12-15 22:00:00,1.17521,1.1758,1.17466,1.17519,10903.0,1.1681987999999999,1.15965625,0.0016628571428571406,48.29015544041468,NORMAL
2025-12-16 02:00:00,1.1752,1.17592,1.17494,1.17505,9103.0,1.168357,1.1597312000000002,0.0015692857142857175,57.459926017262774,NORMAL
2025-12-16 06:00:00,1.17504,1.17642,1.17444,1.17561,18543.0,1.1685425999999999,1.15980325,0.0016128571428571461,62.740384615386205,NORMAL
2025-12-16 10:00:00,1.17562,1.17948,1.17517,1.17758,33065.0,1.1687746,1.15987515,0.0018621428571428597,68.75000000000182,NORMAL
2025-12-16 14:00:00,1.17758,1.18042,1.17612,1.17639,36547.0,1.168947,1.1599485,0.0020521428571428674,64.76733143399827,NORMAL
2025-12-16 18:00:00,1.17639,1.17639,1.17346,1.1748,19022.0,1.1691133999999999,1.16004495,0.002150000000000017,58.996539792388226,NORMAL
2025-12-16 22:00:00,1.17476,1.17524,1.17452,1.17474,8728.0,1.1692958,1.16013395,0.0020228571428571674,49.79079497907928,NORMAL
2025-12-17 02:00:00,1.17473,1.1748,1.1725,1.17292,12851.0,1.1694643999999998,1.1602158999999999,0.0020842857142857447,44.86333647502329,NORMAL
2025-12-17 06:00:00,1.17291,1.17306,1.17031,1.17162,26962.0,1.1695896000000001,1.1602871000000001,0.002181428571428604,39.30390492359964,NORMAL
2025-12-17 10:00:00,1.1716,1.17332,1.17078,1.17318,24608.0,1.1697348,1.16036695,0.002270000000000026,48.97151898734114,NORMAL
2025-12-17 14:00:00,1.17318,1.17582,1.17283,1.17494,30675.0,1.1699246,1.16045625,0.0023614285714285937,52.222222222222825,NORMAL
2025-12-17 18:00:00,1.17494,1.17556,1.17384,1.17401,12008.0,1.1701012,1.1605483,0.0023371428571428788,47.398431931575566,NORMAL
2025-12-17 22:00:00,1.17408,1.17458,1.17352,1.17386,8134.0,1.17029,1.1606525,0.0022350000000000187,47.398431931574805,NORMAL
2025-12-18 02:00:00,1.17386,1.17469,1.17368,1.17459,8878.0,1.1704942,1.1607573,0.0021950000000000103,47.13467048710642,NORMAL
2025-12-18 06:00:00,1.17458,1.17497,1.17173,1.1722,18898.0,1.1706346,1.16085475,0.0023450000000000254,40.74303405572772,NORMAL
2025-12-18 10:00:00,1.17218,1.17628,1.17124,1.17468,33539.0,1.1708158,1.16096065,0.0026350000000000223,48.99945916711744,NORMAL
2025-12-18 14:00:00,1.17468,1.17558,1.17153,1.17188,42936.0,1.1709558,1.1610628,0.0027828571428571663,41.00337674867355,NORMAL
2025-12-18 18:00:00,1.17189,1.17278,1.17154,1.17236,12185.0,1.1711062,1.16116905,0.002563571428571443,36.434511434511684,NORMAL
2025-12-18 22:00:00,1.17203,1.17288,1.17203,1.17244,9335.0,1.1712766,1.16126765,0.002317142857142875,39.10645339216747,NORMAL
2025-12-19 02:00:00,1.17243,1.17287,1.17156,1.172,10069.0,1.1714426,1.16136815,0.0022014285714285924,41.75500588928121,NORMAL
2025-12-19 06:00:00,1.172,1.17216,1.17033,1.17122,23863.0,1.1715726,1.16146915,0.0022807142857143026,40.05649717514137,NORMAL
2025-12-19 10:00:00,1.17124,1.17194,1.17024,1.17194,21236.0,1.1717134,1.16157255,0.0022378571428571642,47.04819277108443,NORMAL
2025-12-19 14:00:00,1.17194,1.17378,1.17084,1.17192,27576.0,1.1718469999999999,1.1616816,0.002251428571428587,50.979112271540345,NORMAL
2025-12-19 18:00:00,1.17193,1.17273,1.17062,1.17096,11730.0,1.171997,1.1617903,0.002220714285714306,42.45923913043542,NORMAL
2025-12-21 22:00:00,1.17196,1.17196,1.17064,1.17172,13831.0,1.172183,1.1619069,0.0021014285714285874,38.26530612244932,NORMAL
2025-12-22 02:00:00,1.17172,1.17221,1.17136,1.17174,6980.0,1.1723645999999999,1.1620243,0.0020392857142857356,41.1397345823577,NORMAL
2025-12-22 06:00:00,1.17172,1.17384,1.1713,1.173,16425.0,1.172577,1.1621446,0.002145000000000016,46.91091954023042,NORMAL
2025-12-22 10:00:00,1.17301,1.17546,1.17286,1.17506,20260.0,1.1728182,1.1622739999999998,0.002258571428571443,51.540983606557276,NORMAL
2025-12-22 14:00:00,1.17507,1.17694,1.17451,1.17582,21494.0,1.1730615999999998,1.1624108,0.002200714285714302,63.289280469897896,NORMAL
2025-12-22 18:00:00,1.17582,1.17623,1.17489,1.17619,9236.0,1.1733049999999998,1.1625549499999999,0.0019364285714286009,56.5595134665514,NORMAL
2025-12-22 22:00:00,1.1758,1.17761,1.17571,1.1773,11959.0,1.1735334,1.1627012,0.0017828571428571654,77.59674134419558,NORMAL
2025-12-23 02:00:00,1.17733,1.17806,1.17726,1.17751,10197.0,1.173692,1.1628425,0.0017514285714286101,76.9633507853404,NORMAL
2025-12-23 06:00:00,1.17753,1.1793,1.17686,1.17928,20425.0,1.1738742,1.16298515,0.0018650000000000372,80.42704626334562,NORMAL
2025-12-23 10:00:00,1.17928,1.18022,1.17743,1.17748,21505.0,1.174053,1.16311745,0.001970714285714318,71.74603174603206,NORMAL
2025-12-23 14:00:00,1.17748,1.17804,1.1764,1.1771,26654.0,1.1741906,1.16324615,0.0019571428571428955,74.09836065573774,NORMAL
2025-12-23 18:00:00,1.17708,1.1797,1.17696,1.17934,10978.0,1.1743152,1.16337505,0.0020314285714286046,76.96793002915445,NORMAL
2025-12-23 22:00:00,1.17927,1.18064,1.17904,1.18053,9503.0,1.1744154,1.1635073,0.0019357142857143103,78.91202149093297,NORMAL
2025-12-24 02:00:00,1.18054,1.1808,1.17858,1.17992,10337.0,1.174537,1.16363335,0.0019435714285714572,80.81155433287464,NORMAL
2025-12-24 06:00:00,1.1799,1.1804,1.17798,1.17998,20094.0,1.1746668,1.16376425,0.0020221428571428773,79.84104046242734,NORMAL
2025-12-24 10:00:00,1.17997,1.18001,1.17836,1.17853,20511.0,1.1747602000000001,1.16388985,0.002079285714285728,72.23313686967919,NORMAL
2025-12-24 14:00:00,1.17852,1.1787,1.17726,1.17768,22374.0,1.1748482,1.16400915,0.002000714285714308,65.74697173620453,NORMAL
2025-12-24 18:00:00,1.17767,1.17822,1.17744,1.1777,6349.0,1.1749478,1.16411385,0.0018707142857143128,60.296411856474116,NORMAL
2025-12-25 22:00:00,1.17805,1.1792,1.17767,1.17872,21221.0,1.1750266,1.1642172499999999,0.0018064285714285897,61.085626911314634,NORMAL
2025-12-26 02:00:00,1.17873,1.17936,1.178,1.17862,9691.0,1.1751188,1.16432715,0.0018078571428571547,59.48477751756415,NORMAL
2025-12-26 06:00:00,1.17863,1.1788,1.17666,1.17703,20495.0,1.1751766000000001,1.1644332000000002,0.001825000000000013,48.98419864559823,NORMAL
2025-12-26 10:00:00,1.17701,1.17968,1.1769,1.17914,18853.0,1.1752906,1.1645479,0.001966428571428575,55.365371955233755,NORMAL
2025-12-26 14:00:00,1.17916,1.17946,1.17616,1.17702,31012.0,1.1753442,1.1646488499999998,0.002027857142857137,42.728442728442296,NORMAL
2025-12-26 18:00:00,1.17704,1.17818,1.17658,1.1771,18963.0,1.1753914,1.16475035,0.001942857142857135,48.62518089725021,NORMAL
2025-12-28 22:00:00,1.1768,1.17864,1.17654,1.17842,10811.0,1.175468,1.1648621499999998,0.001975714285714271,54.471544715447074,NORMAL
2025-12-29 02:00:00,1.1784,1.17853,1.17537,1.1756,10537.0,1.1754722000000002,1.1649615999999998,0.0020057142857142773,37.809647979139356,NORMAL
2025-12-29 06:00:00,1.17562,1.17891,1.17542,1.17764,22083.0,1.1755212,1.1650724,0.0021407142857142896,41.07473749227908,NORMAL
2025-12-29 10:00:00,1.17764,1.17802,1.17555,1.17698,23911.0,1.1755598,1.1651765,0.0021585714285714225,40.9482758620686,NORMAL
2025-12-29 14:00:00,1.17698,1.17888,1.17494,1.17521,32110.0,1.1755518,1.1652700999999999,0.0022671428571428487,36.71309192200583,NORMAL
2025-12-29 18:00:00,1.17519,1.17748,1.17508,1.17726,10861.0,1.1755453999999999,1.1653559,0.002320714285714295,46.57681940700782,NORMAL
2025-12-29 22:00:00,1.1771,1.17754,1.17663,1.17751,10895.0,1.1755678,1.16544595,0.002282857142857142,49.52646239554317,NORMAL
2025-12-30 02:00:00,1.1775,1.17791,1.17706,1.17752,7240.0,1.1756222,1.1655423,0.002287857142857143,49.49832775919713,NORMAL
